Workbook

Sheet 2. Single Worker
C1: Demand | D1: Probability | F1: Work Rate | G1: Probability | I1: Cumulative Probability | J1: Demand | L1: Cumulative Probability | M1: Work Rate
C2: 5 | D2: 0.2 | F2: 8 | G2: 0.4 | I2: 0 | J2: =C2 -> 5 | L2: 0 | M2: =F2 -> 8
C3: 8 | D3: 0.4 | F3: 9 | G3: 0.3 | I3: =SUM(D$2:$D2) -> 0.2 | J3: =C3 -> 8 | L3: =SUM($G$2:G2) -> 0.4 | M3: =F3 -> 9
C4: 10 | D4: 0.3 | F4: 10 | G4: 0.2 | I4: =SUM(D$2:$D3) -> 0.6 | J4: =C4 -> 10 | L4: =SUM($G$2:G3) -> 0.7 | M4: =F4 -> 10
C5: 12 | D5: 0.1 | F5: 12 | G5: 0.1 | I5: =SUM(D$2:$D4) -> 0.9 | J5: =C5 -> 12 | L5: =SUM($G$2:G4) -> 0.9 | M5: =F5 -> 12
I6: =SUM(D$2:$D5) -> 1 | L6: =SUM($G$2:G5) -> 1 | M6: =F6 -> 0
C10: Expected Value | D10: =C2*D2+C3*D3+C4*D4+C5*D5 -> 8.4 | F10: Expected Value | G10: =F2*G2+F3*G3+F4*G4+F5*G5+F6*G6+F7*G7+F8*G8 -> 9.1
A12: Time (Hour) | B12: Rand | C12: Demand Per Hour | D12: Jobs in Queue | E12: Work Rate | F12: Jobs Remaining | G12: Unused Capacity | I12: Jobs Complete | J12: Revenue | K12: Worker Cost | L12: Revenue - Cost
A13: 1 | B13: =RAND() -> 0.54446131 | C13: =VLOOKUP(B13,$I$2:$J$5,2,TRUE) -> 8 | D13: =C13 -> 8 | E13: =VLOOKUP(RAND(),$L$2:$M$8,2,TRUE) -> 12 | F13: =MAX(D13-E13,0) -> 0 | G13: =MAX(E13-D13,0) -> 4 | I13: =MIN(D13,E13) -> 8 | J13: =I13*20 -> 160 | K13: 20 | L13: =J13-K13 -> 140
A14: 2 | B14: =RAND() -> 0.18102459 | C14: =VLOOKUP(B14,$I$2:$J$5,2,TRUE) -> 5 | D14: =C14+F13 -> 5 | E14: =VLOOKUP(RAND(),$L$2:$M$8,2,TRUE) -> 10 | F14: =MAX(D14-E14,0) -> 0 | G14: =MAX(E14-D14,0) -> 5 | I14: =MIN(D14,E14) -> 5 | J14: =I14*20+J13 -> 260 | K14: =20+K13 -> 40 | L14: =J14-K14 -> 220
A15: 3 | B15: =RAND() -> 0.82233182 | C15: =VLOOKUP(B15,$I$2:$J$5,2,TRUE) -> 10 | D15: =C15+F14 -> 10 | E15: =VLOOKUP(RAND(),$L$2:$M$8,2,TRUE) -> 9 | F15: =MAX(D15-E15,0) -> 1 | G15: =MAX(E15-D15,0) -> 0 | I15: =MIN(D15,E15) -> 9 | J15: =I15*20+J14 -> 440 | K15: =20+K14 -> 60 | L15: =J15-K15 -> 380
A16: 4 | B16: =RAND() -> 0.0036600339 | C16: =VLOOKUP(B16,$I$2:$J$5,2,TRUE) -> 5 | D16: =C16+F15 -> 6 | E16: =VLOOKUP(RAND(),$L$2:$M$8,2,TRUE) -> 9 | F16: =MAX(D16-E16,0) -> 0 | G16: =MAX(E16-D16,0) -> 3 | I16: =MIN(D16,E16) -> 6 | J16: =I16*20+J15 -> 560 | K16: =20+K15 -> 80 | L16: =J16-K16 -> 480
A17: 5 | B17: =RAND() -> 0.52110981 | C17: =VLOOKUP(B17,$I$2:$J$5,2,TRUE) -> 8 | D17: =C17+F16 -> 8 | E17: =VLOOKUP(RAND(),$L$2:$M$8,2,TRUE) -> 9 | F17: =MAX(D17-E17,0) -> 0 | G17: =MAX(E17-D17,0) -> 1 | I17: =MIN(D17,E17) -> 8 | J17: =I17*20+J16 -> 720 | K17: =20+K16 -> 100 | L17: =J17-K17 -> 620
A18: 6 | B18: =RAND() -> 0.56338609 | C18: =VLOOKUP(B18,$I$2:$J$5,2,TRUE) -> 8 | D18: =C18+F17 -> 8 | E18: =VLOOKUP(RAND(),$L$2:$M$8,2,TRUE) -> 8 | F18: =MAX(D18-E18,0) -> 0 | G18: =MAX(E18-D18,0) -> 0 | I18: =MIN(D18,E18) -> 8 | J18: =I18*20+J17 -> 880 | K18: =20+K17 -> 120 | L18: =J18-K18 -> 760
A19: 7 | B19: =RAND() -> 0.38753947 | C19: =VLOOKUP(B19,$I$2:$J$5,2,TRUE) -> 8 | D19: =C19+F18 -> 8 | E19: =VLOOKUP(RAND(),$L$2:$M$8,2,TRUE) -> 10 | F19: =MAX(D19-E19,0) -> 0 | G19: =MAX(E19-D19,0) -> 2 | I19: =MIN(D19,E19) -> 8 | J19: =I19*20+J18 -> 1040 | K19: =20+K18 -> 140 | L19: =J19-K19 -> 900
A20: 8 | B20: =RAND() -> 0.59148065 | C20: =VLOOKUP(B20,$I$2:$J$5,2,TRUE) -> 8 | D20: =C20+F19 -> 8 | E20: =VLOOKUP(RAND(),$L$2:$M$8,2,TRUE) -> 10 | F20: =MAX(D20-E20,0) -> 0 | G20: =MAX(E20-D20,0) -> 2 | I20: =MIN(D20,E20) -> 8 | J20: =I20*20+J19 -> 1200 | K20: =20+K19 -> 160 | L20: =J20-K20 -> 1040
A21: 9 | B21: =RAND() -> 0.25006235 | C21: =VLOOKUP(B21,$I$2:$J$5,2,TRUE) -> 8 | D21: =C21+F20 -> 8 | E21: =VLOOKUP(RAND(),$L$2:$M$8,2,TRUE) -> 10 | F21: =MAX(D21-E21,0) -> 0 | G21: =MAX(E21-D21,0) -> 2 | I21: =MIN(D21,E21) -> 8 | J21: =I21*20+J20 -> 1360 | K21: =20+K20 -> 180 | L21: =J21-K21 -> 1180
A22: 10 | B22: =RAND() -> 0.93447452 | C22: =VLOOKUP(B22,$I$2:$J$5,2,TRUE) -> 12 | D22: =C22+F21 -> 12 | E22: =VLOOKUP(RAND(),$L$2:$M$8,2,TRUE) -> 9 | F22: =MAX(D22-E22,0) -> 3 | G22: =MAX(E22-D22,0) -> 0 | I22: =MIN(D22,E22) -> 9 | J22: =I22*20+J21 -> 1540 | K22: =20+K21 -> 200 | L22: =J22-K22 -> 1340
A23: 11 | B23: =RAND() -> 0.45065475 | C23: =VLOOKUP(B23,$I$2:$J$5,2,TRUE) -> 8 | D23: =C23+F22 -> 11 | E23: =VLOOKUP(RAND(),$L$2:$M$8,2,TRUE) -> 9 | F23: =MAX(D23-E23,0) -> 2 | G23: =MAX(E23-D23,0) -> 0 | I23: =MIN(D23,E23) -> 9 | J23: =I23*20+J22 -> 1720 | K23: =20+K22 -> 220 | L23: =J23-K23 -> 1500
A24: 12 | B24: =RAND() -> 0.74484953 | C24: =VLOOKUP(B24,$I$2:$J$5,2,TRUE) -> 10 | D24: =C24+F23 -> 12 | E24: =VLOOKUP(RAND(),$L$2:$M$8,2,TRUE) -> 12 | F24: =MAX(D24-E24,0) -> 0 | G24: =MAX(E24-D24,0) -> 0 | I24: =MIN(D24,E24) -> 12 | J24: =I24*20+J23 -> 1960 | K24: =20+K23 -> 240 | L24: =J24-K24 -> 1720
A25: 13 | B25: =RAND() -> 0.27115886 | C25: =VLOOKUP(B25,$I$2:$J$5,2,TRUE) -> 8 | D25: =C25+F24 -> 8 | E25: =VLOOKUP(RAND(),$L$2:$M$8,2,TRUE) -> 9 | F25: =MAX(D25-E25,0) -> 0 | G25: =MAX(E25-D25,0) -> 1 | I25: =MIN(D25,E25) -> 8 | J25: =I25*20+J24 -> 2120 | K25: =20+K24 -> 260 | L25: =J25-K25 -> 1860
... A65: 53 | B65: =RAND() -> 0.42426678 | C65: =VLOOKUP(B65,$I$2:$J$5,2,TRUE) -> 8 | D65: =C65+F64 -> 8 | E65: =VLOOKUP(RAND(),$L$2:$M$8,2,TRUE) -> 8 | F65: =MAX(D65-E65,0) -> 0 | G65: =MAX(E65-D65,0) -> 0 | I65: =MIN(D65,E65) -> 8 | J65: =I65*20+J64 -> 8440 | K65: =20+K64 -> 1060 | L65: =J65-K65 -> 7380
A66: 54 | B66: =RAND() -> 0.061543897 | C66: =VLOOKUP(B66,$I$2:$J$5,2,TRUE) -> 5 | D66: =C66+F65 -> 5 | E66: =VLOOKUP(RAND(),$L$2:$M$8,2,TRUE) -> 8 | F66: =MAX(D66-E66,0) -> 0 | G66: =MAX(E66-D66,0) -> 3
A67: 55 | B67: =RAND() -> 0.55690864 | C67: =VLOOKUP(B67,$I$2:$J$5,2,TRUE) -> 8 | D67: =C67+F66 -> 8 | E67: =VLOOKUP(RAND(),$L$2:$M$8,2,TRUE) -> 10 | F67: =MAX(D67-E67,0) -> 0 | G67: =MAX(E67-D67,0) -> 2
A68: 56 | B68: =RAND() -> 0.15231875 | C68: =VLOOKUP(B68,$I$2:$J$5,2,TRUE) -> 5 | D68: =C68+F67 -> 5 | E68: =VLOOKUP(RAND(),$L$2:$M$8,2,TRUE) -> 9 | F68: =MAX(D68-E68,0) -> 0 | G68: =MAX(E68-D68,0) -> 4
A69: 57 | B69: =RAND() -> 0.42427835 | C69: =VLOOKUP(B69,$I$2:$J$5,2,TRUE) -> 8 | D69: =C69+F68 -> 8 | E69: =VLOOKUP(RAND(),$L$2:$M$8,2,TRUE) -> 10 | F69: =MAX(D69-E69,0) -> 0 | G69: =MAX(E69-D69,0) -> 2
A70: 58 | B70: =RAND() -> 0.69847585 | C70: =VLOOKUP(B70,$I$2:$J$5,2,TRUE) -> 10 | D70: =C70+F69 -> 10 | E70: =VLOOKUP(RAND(),$L$2:$M$8,2,TRUE) -> 9 | F70: =MAX(D70-E70,0) -> 1 | G70: =MAX(E70-D70,0) -> 0
A71: 59 | B71: =RAND() -> 0.54379114 | C71: =VLOOKUP(B71,$I$2:$J$5,2,TRUE) -> 8 | D71: =C71+F70 -> 9 | E71: =VLOOKUP(RAND(),$L$2:$M$8,2,TRUE) -> 9 | F71: =MAX(D71-E71,0) -> 0 | G71: =MAX(E71-D71,0) -> 0
A72: 60 | B72: =RAND() -> 0.37172241 | C72: =VLOOKUP(B72,$I$2:$J$5,2,TRUE) -> 8 | D72: =C72+F71 -> 8 | E72: =VLOOKUP(RAND(),$L$2:$M$8,2,TRUE) -> 10 | F72: =MAX(D72-E72,0) -> 0 | G72: =MAX(E72-D72,0) -> 2
A73: 61 | B73: =RAND() -> 0.70925066 | C73: =VLOOKUP(B73,$I$2:$J$5,2,TRUE) -> 10 | D73: =C73+F72 -> 10 | E73: =VLOOKUP(RAND(),$L$2:$M$8,2,TRUE) -> 9 | F73: =MAX(D73-E73,0) -> 1 | G73: =MAX(E73-D73,0) -> 0
A74: 62 | B74: =RAND() -> 0.63067525 | C74: =VLOOKUP(B74,$I$2:$J$5,2,TRUE) -> 10 | D74: =C74+F73 -> 11 | E74: =VLOOKUP(RAND(),$L$2:$M$8,2,TRUE) -> 8 | F74: =MAX(D74-E74,0) -> 3 | G74: =MAX(E74-D74,0) -> 0
A75: 63 | B75: =RAND() -> 0.44705959 | C75: =VLOOKUP(B75,$I$2:$J$5,2,TRUE) -> 8 | D75: =C75+F74 -> 11 | E75: =VLOOKUP(RAND(),$L$2:$M$8,2,TRUE) -> 10 | F75: =MAX(D75-E75,0) -> 1 | G75: =MAX(E75-D75,0) -> 0
A76: 64 | B76: =RAND() -> 0.39744485 | C76: =VLOOKUP(B76,$I$2:$J$5,2,TRUE) -> 8 | D76: =C76+F75 -> 9 | E76: =VLOOKUP(RAND(),$L$2:$M$8,2,TRUE) -> 12 | F76: =MAX(D76-E76,0) -> 0 | G76: =MAX(E76-D76,0) -> 3
A77: 65 | B77: =RAND() -> 0.32933063 | C77: =VLOOKUP(B77,$I$2:$J$5,2,TRUE) -> 8 | D77: =C77+F76 -> 8 | E77: =VLOOKUP(RAND(),$L$2:$M$8,2,TRUE) -> 9 | F77: =MAX(D77-E77,0) -> 0 | G77: =MAX(E77-D77,0) -> 1
... A259: 247 | B259: =RAND() -> 0.2838006 | C259: =VLOOKUP(B259,$I$2:$J$5,2,TRUE) -> 8 | D259: =C259+F258 -> 14 | E259: =VLOOKUP(RAND(),$L$2:$M$8,2,TRUE) -> 8 | F259: =MAX(D259-E259,0) -> 6 | G259: =MAX(E259-D259,0) -> 0

Sheet 2. Single Worker - Increase
C1: Demand | D1: Probability | F1: Work Rate | G1: Probability | I1: Cumulative Probability | J1: Demand | L1: Cumulative Probability | M1: Work Rate | O1: Increased Demand | P1: Probability | R1: Cumulative Probability | S1: Increased Demand
C2: 5 | D2: 0.2 | F2: 8 | G2: 0.4 | I2: 0 | J2: =C2 -> 5 | L2: 0 | M2: =F2 -> 8 | O2: 6 | P2: 0.5 | R2: 0 | S2: =O2 -> 6
C3: 8 | D3: 0.4 | F3: 9 | G3: 0.3 | I3: =SUM(D$2:$D2) -> 0.2 | J3: =C3 -> 8 | L3: =SUM($G$2:G2) -> 0.4 | M3: =F3 -> 9 | O3: 9 | P3: 0.35 | R3: =SUM(P$2:$P2) -> 0.5 | S3: =O3 -> 9
C4: 10 | D4: 0.3 | F4: 10 | G4: 0.2 | I4: =SUM(D$2:$D3) -> 0.6 | J4: =C4 -> 10 | L4: =SUM($G$2:G3) -> 0.7 | M4: =F4 -> 10 | O4: 12 | P4: 0.1 | R4: =SUM(P$2:$P3) -> 0.85 | S4: =O4 -> 12
C5: 12 | D5: 0.1 | F5: 12 | G5: 0.1 | I5: =SUM(D$2:$D4) -> 0.9 | J5: =C5 -> 12 | L5: =SUM($G$2:G4) -> 0.9 | M5: =F5 -> 12 | O5: 15 | P5: 0.05 | R5: =SUM(P$2:$P4) -> 0.95 | S5: =O5 -> 15
I6: =SUM(D$2:$D5) -> 1 | L6: =SUM($G$2:G5) -> 1 | M6: =F6 -> 0 | R6: =SUM(P$2:$P5) -> 1
C10: Expected Value | D10: =C2*D2+C3*D3+C4*D4+C5*D5 -> 8.4 | F10: Expected Value | G10: =F2*G2+F3*G3+F4*G4+F5*G5+F6*G6+F7*G7+F8*G8 -> 9.1 | O10: Expected Value | P10: =O2*P2+O3*P3+O4*P4+O5*P5 -> 8.1
A12: Time (Hour) | B12: Rand | C12: Demand Per Hour | D12: Jobs in Queue | E12: Work Rate | F12: Jobs Remaining | G12: Unused Capacity | I12: Jobs Complete | J12: Total Revenue | K12: Total Worker Cost | L12: Total Single Worker Revenue - Cost
A13: 1 | B13: =RAND() -> 0.27921617 | C13: =VLOOKUP(B13,$R$2:$S$5,2,TRUE) -> 6 | D13: =C13 -> 6 | E13: =VLOOKUP(RAND(),$L$2:$M$8,2,TRUE) -> 10 | F13: =MAX(D13-E13,0) -> 0 | G13: =MAX(E13-D13,0) -> 4 | I13: =MIN(D13,E13) -> 6 | J13: =I13*20 -> 120 | K13: 20 | L13: =J13-K13 -> 100
A14: 2 | B14: =RAND() -> 0.25443808 | C14: =VLOOKUP(B14,$R$2:$S$5,2,TRUE) -> 6 | D14: =C14+F13 -> 6 | E14: =VLOOKUP(RAND(),$L$2:$M$8,2,TRUE) -> 8 | F14: =MAX(D14-E14,0) -> 0 | G14: =MAX(E14-D14,0) -> 2 | I14: =MIN(D14,E14) -> 6 | J14: =I14*20+J13 -> 240 | K14: =20+K13 -> 40 | L14: =J14-K14 -> 200
A15: 3 | B15: =RAND() -> 0.69125412 | C15: =VLOOKUP(B15,$R$2:$S$5,2,TRUE) -> 9 | D15: =C15+F14 -> 9 | E15: =VLOOKUP(RAND(),$L$2:$M$8,2,TRUE) -> 9 | F15: =MAX(D15-E15,0) -> 0 | G15: =MAX(E15-D15,0) -> 0 | I15: =MIN(D15,E15) -> 9 | J15: =I15*20+J14 -> 420 | K15: =20+K14 -> 60 | L15: =J15-K15 -> 360
A16: 4 | B16: =RAND() -> 0.16276032 | C16: =VLOOKUP(B16,$R$2:$S$5,2,TRUE) -> 6 | D16: =C16+F15 -> 6 | E16: =VLOOKUP(RAND(),$L$2:$M$8,2,TRUE) -> 8 | F16: =MAX(D16-E16,0) -> 0 | G16: =MAX(E16-D16,0) -> 2 | I16: =MIN(D16,E16) -> 6 | J16: =I16*20+J15 -> 540 | K16: =20+K15 -> 80 | L16: =J16-K16 -> 460
A17: 5 | B17: =RAND() -> 0.43737214 | C17: =VLOOKUP(B17,$R$2:$S$5,2,TRUE) -> 6 | D17: =C17+F16 -> 6 | E17: =VLOOKUP(RAND(),$L$2:$M$8,2,TRUE) -> 8 | F17: =MAX(D17-E17,0) -> 0 | G17: =MAX(E17-D17,0) -> 2 | I17: =MIN(D17,E17) -> 6 | J17: =I17*20+J16 -> 660 | K17: =20+K16 -> 100 | L17: =J17-K17 -> 560
A18: 6 | B18: =RAND() -> 0.28908379 | C18: =VLOOKUP(B18,$R$2:$S$5,2,TRUE) -> 6 | D18: =C18+F17 -> 6 | E18: =VLOOKUP(RAND(),$L$2:$M$8,2,TRUE) -> 9 | F18: =MAX(D18-E18,0) -> 0 | G18: =MAX(E18-D18,0) -> 3 | I18: =MIN(D18,E18) -> 6 | J18: =I18*20+J17 -> 780 | K18: =20+K17 -> 120 | L18: =J18-K18 -> 660
A19: 7 | B19: =RAND() -> 0.022900409 | C19: =VLOOKUP(B19,$R$2:$S$5,2,TRUE) -> 6 | D19: =C19+F18 -> 6 | E19: =VLOOKUP(RAND(),$L$2:$M$8,2,TRUE) -> 8 | F19: =MAX(D19-E19,0) -> 0 | G19: =MAX(E19-D19,0) -> 2 | I19: =MIN(D19,E19) -> 6 | J19: =I19*20+J18 -> 900 | K19: =20+K18 -> 140 | L19: =J19-K19 -> 760
A20: 8 | B20: =RAND() -> 0.4061992 | C20: =VLOOKUP(B20,$R$2:$S$5,2,TRUE) -> 6 | D20: =C20+F19 -> 6 | E20: =VLOOKUP(RAND(),$L$2:$M$8,2,TRUE) -> 9 | F20: =MAX(D20-E20,0) -> 0 | G20: =MAX(E20-D20,0) -> 3 | I20: =MIN(D20,E20) -> 6 | J20: =I20*20+J19 -> 1020 | K20: =20+K19 -> 160 | L20: =J20-K20 -> 860
A21: 9 | B21: =RAND() -> 0.31567187 | C21: =VLOOKUP(B21,$R$2:$S$5,2,TRUE) -> 6 | D21: =C21+F20 -> 6 | E21: =VLOOKUP(RAND(),$L$2:$M$8,2,TRUE) -> 10 | F21: =MAX(D21-E21,0) -> 0 | G21: =MAX(E21-D21,0) -> 4 | I21: =MIN(D21,E21) -> 6 | J21: =I21*20+J20 -> 1140 | K21: =20+K20 -> 180 | L21: =J21-K21 -> 960
A22: 10 | B22: =RAND() -> 0.58333014 | C22: =VLOOKUP(B22,$R$2:$S$5,2,TRUE) -> 9 | D22: =C22+F21 -> 9 | E22: =VLOOKUP(RAND(),$L$2:$M$8,2,TRUE) -> 10 | F22: =MAX(D22-E22,0) -> 0 | G22: =MAX(E22-D22,0) -> 1 | I22: =MIN(D22,E22) -> 9 | J22: =I22*20+J21 -> 1320 | K22: =20+K21 -> 200 | L22: =J22-K22 -> 1120
A23: 11 | B23: =RAND() -> 0.36439744 | C23: =VLOOKUP(B23,$R$2:$S$5,2,TRUE) -> 6 | D23: =C23+F22 -> 6 | E23: =VLOOKUP(RAND(),$L$2:$M$8,2,TRUE) -> 10 | F23: =MAX(D23-E23,0) -> 0 | G23: =MAX(E23-D23,0) -> 4 | I23: =MIN(D23,E23) -> 6 | J23: =I23*20+J22 -> 1440 | K23: =20+K22 -> 220 | L23: =J23-K23 -> 1220
A24: 12 | B24: =RAND() -> 0.19698911 | C24: =VLOOKUP(B24,$R$2:$S$5,2,TRUE) -> 6 | D24: =C24+F23 -> 6 | E24: =VLOOKUP(RAND(),$L$2:$M$8,2,TRUE) -> 9 | F24: =MAX(D24-E24,0) -> 0 | G24: =MAX(E24-D24,0) -> 3 | I24: =MIN(D24,E24) -> 6 | J24: =I24*20+J23 -> 1560 | K24: =20+K23 -> 240 | L24: =J24-K24 -> 1320
A25: 13 | B25: =RAND() -> 0.55986077 | C25: =VLOOKUP(B25,$R$2:$S$5,2,TRUE) -> 9 | D25: =C25+F24 -> 9 | E25: =VLOOKUP(RAND(),$L$2:$M$8,2,TRUE) -> 9 | F25: =MAX(D25-E25,0) -> 0 | G25: =MAX(E25-D25,0) -> 0 | I25: =MIN(D25,E25) -> 9 | J25: =I25*20+J24 -> 1740 | K25: =20+K24 -> 260 | L25: =J25-K25 -> 1480
... A312: 300 | B312: =RAND() -> 0.22367651 | C312: =VLOOKUP(B312,$R$2:$S$5,2,TRUE) -> 6 | D312: =C312+F311 -> 18 | E312: =VLOOKUP(RAND(),$L$2:$M$8,2,TRUE) -> 9 | F312: =MAX(D312-E312,0) -> 9 | G312: =MAX(E312-D312,0) -> 0 | I312: =MIN(D312,E312) -> 9 | J312: =I312*20+J311 -> 47460 | K312: =20+K311 -> 6000 | L312: =J312-K312 -> 41460

Sheet 2. Additional Worker - Increase
B1: Demand | C1: Probability | G1: Workrate (single) | H1: Probability | K1: Cumulative Probability | L1: Demand | N1: Cumulative Probability | O1: Workrate (single) | Q1: Increased Demand | R1: Probability | T1: Workrate (part-time) | U1: Probability | W1: Cumulative Probability | X1: Increased Demand | Z1: Cumulative Probability | AA1: Workrate (part-time)
B2: 5 | C2: 0.2 | G2: 8 | H2: 0.4 | K2: 0 | L2: =B2 -> 5 | N2: 0 | O2: =G2 -> 8 | Q2: 6 | R2: 0.5 | T2: 4 | U2: 0.2 | W2: 0 | X2: =Q2 -> 6 | Z2: 0 | AA2: =T2 -> 4
B3: 8 | C3: 0.4 | G3: 9 | H3: 0.3 | K3: =SUM(C$2:$C2) -> 0.2 | L3: =B3 -> 8 | N3: =SUM($H$2:H2) -> 0.4 | O3: =G3 -> 9 | Q3: 9 | R3: 0.35 | T3: 5 | U3: 0.6 | W3: =SUM(R$2:$R2) -> 0.5 | X3: =Q3 -> 9 | Z3: =SUM($U$2:U2) -> 0.2 | AA3: =T3 -> 5
B4: 10 | C4: 0.3 | G4: 10 | H4: 0.2 | K4: =SUM(C$2:$C3) -> 0.6 | L4: =B4 -> 10 | N4: =SUM($H$2:H3) -> 0.7 | O4: =G4 -> 10 | Q4: 12 | R4: 0.1 | T4: 6 | U4: 0.1 | W4: =SUM(R$2:$R3) -> 0.85 | X4: =Q4 -> 12 | Z4: =SUM($U$2:U3) -> 0.8 | AA4: =T4 -> 6
B5: 12 | C5: 0.1 | G5: 12 | H5: 0.1 | K5: =SUM(C$2:$C4) -> 0.9 | L5: =B5 -> 12 | N5: =SUM($H$2:H4) -> 0.9 | O5: =G5 -> 12 | Q5: 15 | R5: 0.05 | T5: 7 | U5: 0.1 | W5: =SUM(R$2:$R4) -> 0.95 | X5: =Q5 -> 15 | Z5: =SUM($U$2:U4) -> 0.9 | AA5: =T5 -> 7
K6: =SUM(C$2:$C5) -> 1 | N6: =SUM($H$2:H5) -> 1 | O6: =G6 -> 0 | W6: =SUM(R$2:$R5) -> 1 | Z6: =SUM($U$2:U5) -> 1 | AA6: =T6 -> 0
B10: Expected Value | C10: =SUMPRODUCT(B2:B5,C2:C5) -> 8.4 | G10: Expected Value | H10: =SUMPRODUCT(G2:G5,H2:H5) -> 9.1 | Q10: Expected Value | R10: =SUMPRODUCT(Q2:Q5,R2:R5) -> 8.1
A12: Time (Hour) | B12: Demand Per Hour | C12: Jobs in Queue | D12: Jobs Processed (Single) | E12: Jobs Processed (Additional) | F12: Total Jobs that could be processed | G12: Jobs Remaining | H12: Unused Capacity | K12: Jobs Complete | L12: Total Revenue | M12: Worker Cost | N12: Double Worker Revenue - Cost | O12: ='2. Single Worker - Increase'!L12 -> Total Single Worker Revenue - Cost
A13: 1 | B13: =VLOOKUP(RAND(),$W$2:$X$5,2,TRUE) -> 6 | C13: =B13 -> 6 | D13: =VLOOKUP(RAND(),$N$2:$O$8,2,TRUE) -> 9 | E13: =VLOOKUP(RAND(),$Z$2:$AA$8,2,TRUE) -> 4 | F13: =D13+E13 -> 13 | G13: =MAX(C13-F13,0) -> 0 | H13: =MAX(F13-C13,0) -> 7 | K13: =MIN(C13,D13+E13) -> 6 | L13: =K13*20 -> 120 | M13: 30 | N13: =L13-M13 -> 90 | O13: ='2. Single Worker - Increase'!L13 -> 100
A14: 2 | B14: =VLOOKUP(RAND(),$W$2:$X$5,2,TRUE) -> 6 | C14: =B14+G13 -> 6 | D14: =VLOOKUP(RAND(),$N$2:$O$8,2,TRUE) -> 9 | E14: =VLOOKUP(RAND(),$Z$2:$AA$8,2,TRUE) -> 5 | F14: =D14+E14 -> 14 | G14: =MAX(C14-F14,0) -> 0 | H14: =MAX(F14-C14,0) -> 8 | K14: =MIN(C14,D14+E14) -> 6 | L14: =K14*20+L13 -> 240 | M14: =30+M13 -> 60 | N14: =L14-M14 -> 180 | O14: ='2. Single Worker - Increase'!L14 -> 200
A15: 3 | B15: =VLOOKUP(RAND(),$W$2:$X$5,2,TRUE) -> 9 | C15: =B15+G14 -> 9 | D15: =VLOOKUP(RAND(),$N$2:$O$8,2,TRUE) -> 10 | E15: =VLOOKUP(RAND(),$Z$2:$AA$8,2,TRUE) -> 5 | F15: =D15+E15 -> 15 | G15: =MAX(C15-F15,0) -> 0 | H15: =MAX(F15-C15,0) -> 6 | K15: =MIN(C15,D15+E15) -> 9 | L15: =K15*20+L14 -> 420 | M15: =30+M14 -> 90 | N15: =L15-M15 -> 330 | O15: ='2. Single Worker - Increase'!L15 -> 360
A16: 4 | B16: =VLOOKUP(RAND(),$W$2:$X$5,2,TRUE) -> 9 | C16: =B16+G15 -> 9 | D16: =VLOOKUP(RAND(),$N$2:$O$8,2,TRUE) -> 9 | E16: =VLOOKUP(RAND(),$Z$2:$AA$8,2,TRUE) -> 5 | F16: =D16+E16 -> 14 | G16: =MAX(C16-F16,0) -> 0 | H16: =MAX(F16-C16,0) -> 5 | K16: =MIN(C16,D16+E16) -> 9 | L16: =K16*20+L15 -> 600 | M16: =30+M15 -> 120 | N16: =L16-M16 -> 480 | O16: ='2. Single Worker - Increase'!L16 -> 460
A17: 5 | B17: =VLOOKUP(RAND(),$W$2:$X$5,2,TRUE) -> 15 | C17: =B17+G16 -> 15 | D17: =VLOOKUP(RAND(),$N$2:$O$8,2,TRUE) -> 8 | E17: =VLOOKUP(RAND(),$Z$2:$AA$8,2,TRUE) -> 5 | F17: =D17+E17 -> 13 | G17: =MAX(C17-F17,0) -> 2 | H17: =MAX(F17-C17,0) -> 0 | K17: =MIN(C17,D17+E17) -> 13 | L17: =K17*20+L16 -> 860 | M17: =30+M16 -> 150 | N17: =L17-M17 -> 710 | O17: ='2. Single Worker - Increase'!L17 -> 560
A18: 6 | B18: =VLOOKUP(RAND(),$W$2:$X$5,2,TRUE) -> 6 | C18: =B18+G17 -> 8 | D18: =VLOOKUP(RAND(),$N$2:$O$8,2,TRUE) -> 10 | E18: =VLOOKUP(RAND(),$Z$2:$AA$8,2,TRUE) -> 4 | F18: =D18+E18 -> 14 | G18: =MAX(C18-F18,0) -> 0 | H18: =MAX(F18-C18,0) -> 6 | K18: =MIN(C18,D18+E18) -> 8 | L18: =K18*20+L17 -> 1020 | M18: =30+M17 -> 180 | N18: =L18-M18 -> 840 | O18: ='2. Single Worker - Increase'!L18 -> 660
A19: 7 | B19: =VLOOKUP(RAND(),$W$2:$X$5,2,TRUE) -> 9 | C19: =B19+G18 -> 9 | D19: =VLOOKUP(RAND(),$N$2:$O$8,2,TRUE) -> 9 | E19: =VLOOKUP(RAND(),$Z$2:$AA$8,2,TRUE) -> 5 | F19: =D19+E19 -> 14 | G19: =MAX(C19-F19,0) -> 0 | H19: =MAX(F19-C19,0) -> 5 | K19: =MIN(C19,D19+E19) -> 9 | L19: =K19*20+L18 -> 1200 | M19: =30+M18 -> 210 | N19: =L19-M19 -> 990 | O19: ='2. Single Worker - Increase'!L19 -> 760
A20: 8 | B20: =VLOOKUP(RAND(),$W$2:$X$5,2,TRUE) -> 6 | C20: =B20+G19 -> 6 | D20: =VLOOKUP(RAND(),$N$2:$O$8,2,TRUE) -> 10 | E20: =VLOOKUP(RAND(),$Z$2:$AA$8,2,TRUE) -> 5 | F20: =D20+E20 -> 15 | G20: =MAX(C20-F20,0) -> 0 | H20: =MAX(F20-C20,0) -> 9 | K20: =MIN(C20,D20+E20) -> 6 | L20: =K20*20+L19 -> 1320 | M20: =30+M19 -> 240 | N20: =L20-M20 -> 1080 | O20: ='2. Single Worker - Increase'!L20 -> 860
A21: 9 | B21: =VLOOKUP(RAND(),$W$2:$X$5,2,TRUE) -> 6 | C21: =B21+G20 -> 6 | D21: =VLOOKUP(RAND(),$N$2:$O$8,2,TRUE) -> 8 | E21: =VLOOKUP(RAND(),$Z$2:$AA$8,2,TRUE) -> 5 | F21: =D21+E21 -> 13 | G21: =MAX(C21-F21,0) -> 0 | H21: =MAX(F21-C21,0) -> 7 | K21: =MIN(C21,D21+E21) -> 6 | L21: =K21*20+L20 -> 1440 | M21: =30+M20 -> 270 | N21: =L21-M21 -> 1170 | O21: ='2. Single Worker - Increase'!L21 -> 960
A22: 10 | B22: =VLOOKUP(RAND(),$W$2:$X$5,2,TRUE) -> 6 | C22: =B22+G21 -> 6 | D22: =VLOOKUP(RAND(),$N$2:$O$8,2,TRUE) -> 10 | E22: =VLOOKUP(RAND(),$Z$2:$AA$8,2,TRUE) -> 5 | F22: =D22+E22 -> 15 | G22: =MAX(C22-F22,0) -> 0 | H22: =MAX(F22-C22,0) -> 9 | K22: =MIN(C22,D22+E22) -> 6 | L22: =K22*20+L21 -> 1560 | M22: =30+M21 -> 300 | N22: =L22-M22 -> 1260 | O22: ='2. Single Worker - Increase'!L22 -> 1120
A23: 11 | B23: =VLOOKUP(RAND(),$W$2:$X$5,2,TRUE) -> 9 | C23: =B23+G22 -> 9 | D23: =VLOOKUP(RAND(),$N$2:$O$8,2,TRUE) -> 9 | E23: =VLOOKUP(RAND(),$Z$2:$AA$8,2,TRUE) -> 5 | F23: =D23+E23 -> 14 | G23: =MAX(C23-F23,0) -> 0 | H23: =MAX(F23-C23,0) -> 5 | K23: =MIN(C23,D23+E23) -> 9 | L23: =K23*20+L22 -> 1740 | M23: =30+M22 -> 330 | N23: =L23-M23 -> 1410 | O23: ='2. Single Worker - Increase'!L23 -> 1220
A24: 12 | B24: =VLOOKUP(RAND(),$W$2:$X$5,2,TRUE) -> 15 | C24: =B24+G23 -> 15 | D24: =VLOOKUP(RAND(),$N$2:$O$8,2,TRUE) -> 8 | E24: =VLOOKUP(RAND(),$Z$2:$AA$8,2,TRUE) -> 5 | F24: =D24+E24 -> 13 | G24: =MAX(C24-F24,0) -> 2 | H24: =MAX(F24-C24,0) -> 0 | K24: =MIN(C24,D24+E24) -> 13 | L24: =K24*20+L23 -> 2000 | M24: =30+M23 -> 360 | N24: =L24-M24 -> 1640 | O24: ='2. Single Worker - Increase'!L24 -> 1320
A25: 13 | B25: =VLOOKUP(RAND(),$W$2:$X$5,2,TRUE) -> 6 | C25: =B25+G24 -> 8 | D25: =VLOOKUP(RAND(),$N$2:$O$8,2,TRUE) -> 8 | E25: =VLOOKUP(RAND(),$Z$2:$AA$8,2,TRUE) -> 5 | F25: =D25+E25 -> 13 | G25: =MAX(C25-F25,0) -> 0 | H25: =MAX(F25-C25,0) -> 5 | K25: =MIN(C25,D25+E25) -> 8 | L25: =K25*20+L24 -> 2160 | M25: =30+M24 -> 390 | N25: =L25-M25 -> 1770 | O25: ='2. Single Worker - Increase'!L25 -> 1480
... A310: 298 | B310: =VLOOKUP(RAND(),$W$2:$X$5,2,TRUE) -> 9 | C310: =B310+G309 -> 9 | D310: =VLOOKUP(RAND(),$N$2:$O$8,2,TRUE) -> 9 | E310: =VLOOKUP(RAND(),$Z$2:$AA$8,2,TRUE) -> 5 | F310: =D310+E310 -> 14 | G310: =MAX(C310-F310,0) -> 0 | H310: =MAX(F310-C310,0) -> 5 | K310: =MIN(C310,D310+E310) -> 9 | L310: =K310*20+L309 -> 46560 | M310: =30+M309 -> 8940 | N310: =L310-M310 -> 37620 | O310: ='2. Single Worker - Increase'!L310 -> 41140
A311: 299 | B311: =VLOOKUP(RAND(),$W$2:$X$5,2,TRUE) -> 12 | C311: =B311+G310 -> 12 | D311: =VLOOKUP(RAND(),$N$2:$O$8,2,TRUE) -> 10 | E311: =VLOOKUP(RAND(),$Z$2:$AA$8,2,TRUE) -> 4 | F311: =D311+E311 -> 14 | G311: =MAX(C311-F311,0) -> 0 | H311: =MAX(F311-C311,0) -> 2
A312: 300 | B312: =VLOOKUP(RAND(),$W$2:$X$5,2,TRUE) -> 9 | C312: =B312+G311 -> 9 | D312: =VLOOKUP(RAND(),$N$2:$O$8,2,TRUE) -> 8 | E312: =VLOOKUP(RAND(),$Z$2:$AA$8,2,TRUE) -> 5 | F312: =D312+E312 -> 13 | G312: =MAX(C312-F312,0) -> 0 | H312: =MAX(F312-C312,0) -> 4
A313: 301 | B313: =VLOOKUP(RAND(),$W$2:$X$5,2,TRUE) -> 12 | C313: =B313+G312 -> 12 | D313: =VLOOKUP(RAND(),$N$2:$O$8,2,TRUE) -> 8 | E313: =VLOOKUP(RAND(),$Z$2:$AA$8,2,TRUE) -> 5 | F313: =D313+E313 -> 13 | G313: =MAX(C313-F313,0) -> 0 | H313: =MAX(F313-C313,0) -> 1
A314: 302 | B314: =VLOOKUP(RAND(),$W$2:$X$5,2,TRUE) -> 9 | C314: =B314+G313 -> 9 | D314: =VLOOKUP(RAND(),$N$2:$O$8,2,TRUE) -> 8 | E314: =VLOOKUP(RAND(),$Z$2:$AA$8,2,TRUE) -> 7 | F314: =D314+E314 -> 15 | G314: =MAX(C314-F314,0) -> 0 | H314: =MAX(F314-C314,0) -> 6
A315: 303 | B315: =VLOOKUP(RAND(),$W$2:$X$5,2,TRUE) -> 9 | C315: =B315+G314 -> 9 | D315: =VLOOKUP(RAND(),$N$2:$O$8,2,TRUE) -> 9 | E315: =VLOOKUP(RAND(),$Z$2:$AA$8,2,TRUE) -> 5 | F315: =D315+E315 -> 14 | G315: =MAX(C315-F315,0) -> 0 | H315: =MAX(F315-C315,0) -> 5
A316: 304 | B316: =VLOOKUP(RAND(),$W$2:$X$5,2,TRUE) -> 6 | C316: =B316+G315 -> 6 | D316: =VLOOKUP(RAND(),$N$2:$O$8,2,TRUE) -> 8 | E316: =VLOOKUP(RAND(),$Z$2:$AA$8,2,TRUE) -> 5 | F316: =D316+E316 -> 13 | G316: =MAX(C316-F316,0) -> 0 | H316: =MAX(F316-C316,0) -> 7
A317: 305 | B317: =VLOOKUP(RAND(),$W$2:$X$5,2,TRUE) -> 6 | C317: =B317+G316 -> 6 | D317: =VLOOKUP(RAND(),$N$2:$O$8,2,TRUE) -> 8 | E317: =VLOOKUP(RAND(),$Z$2:$AA$8,2,TRUE) -> 5 | F317: =D317+E317 -> 13 | G317: =MAX(C317-F317,0) -> 0 | H317: =MAX(F317-C317,0) -> 7
A318: 306 | B318: =VLOOKUP(RAND(),$W$2:$X$5,2,TRUE) -> 9 | C318: =B318+G317 -> 9 | D318: =VLOOKUP(RAND(),$N$2:$O$8,2,TRUE) -> 10 | E318: =VLOOKUP(RAND(),$Z$2:$AA$8,2,TRUE) -> 4 | F318: =D318+E318 -> 14 | G318: =MAX(C318-F318,0) -> 0 | H318: =MAX(F318-C318,0) -> 5
A319: 307 | B319: =VLOOKUP(RAND(),$W$2:$X$5,2,TRUE) -> 9 | C319: =B319+G318 -> 9 | D319: =VLOOKUP(RAND(),$N$2:$O$8,2,TRUE) -> 12 | E319: =VLOOKUP(RAND(),$Z$2:$AA$8,2,TRUE) -> 4 | F319: =D319+E319 -> 16 | G319: =MAX(C319-F319,0) -> 0 | H319: =MAX(F319-C319,0) -> 7
A320: 308 | B320: =VLOOKUP(RAND(),$W$2:$X$5,2,TRUE) -> 6 | C320: =B320+G319 -> 6 | D320: =VLOOKUP(RAND(),$N$2:$O$8,2,TRUE) -> 9 | E320: =VLOOKUP(RAND(),$Z$2:$AA$8,2,TRUE) -> 5 | F320: =D320+E320 -> 14 | G320: =MAX(C320-F320,0) -> 0 | H320: =MAX(F320-C320,0) -> 8
A321: 309 | B321: =VLOOKUP(RAND(),$W$2:$X$5,2,TRUE) -> 6 | C321: =B321+G320 -> 6 | D321: =VLOOKUP(RAND(),$N$2:$O$8,2,TRUE) -> 8 | E321: =VLOOKUP(RAND(),$Z$2:$AA$8,2,TRUE) -> 5 | F321: =D321+E321 -> 13 | G321: =MAX(C321-F321,0) -> 0 | H321: =MAX(F321-C321,0) -> 7
A322: 310 | B322: =VLOOKUP(RAND(),$W$2:$X$5,2,TRUE) -> 15 | C322: =B322+G321 -> 15 | D322: =VLOOKUP(RAND(),$N$2:$O$8,2,TRUE) -> 8 | E322: =VLOOKUP(RAND(),$Z$2:$AA$8,2,TRUE) -> 5 | F322: =D322+E322 -> 13 | G322: =MAX(C322-F322,0) -> 2 | H322: =MAX(F322-C322,0) -> 0
... A554: 542 | B554: =VLOOKUP(RAND(),$W$2:$X$5,2,TRUE) -> 6 | C554: =B554+G553 -> 6 | D554: =VLOOKUP(RAND(),$N$2:$O$8,2,TRUE) -> 8 | E554: =VLOOKUP(RAND(),$Z$2:$AA$8,2,TRUE) -> 6 | F554: =D554+E554 -> 14 | G554: =MAX(C554-F554,0) -> 0 | H554: =MAX(F554-C554,0) -> 8
B556: =AVERAGE(B13:B554) -> 7.8376384

Sheet 4. EOQ
B1: P1 | C1: P2 | D1: P3
A2: K | B2: 10 | C2: 10 | D2: 10
A3: D | B3: 10000 | C3: 10000 | D3: 10000
A4: h | B4: 0.2 | C4: 0.2 | D4: 0.2
A5: P | B5: 0.8 | C5: 0.79 | D5: 0.78
A7: EOQ | B7: =SQRT(2*B2*B3/B4) -> 1000
A9: Q | B9: 1000 | C9: 1200 | D9: 4000
A10: T(Q) | B10: =B5*B3+B2*B3/B9+B4*B9/2 -> 8200 | C10: =C5*C3+C2*C3/C9+C4*C9/2 -> 8103.3333 | D10: =D5*D3+D2*D3/D9+D4*D9/2 -> 8225
A12: T(EOQ)

Sheet 6. Moving Average
B1: Quarter | C1: Sales (Y) | D1: 4-MA | E1: 2x4-MA (T) | F1: Y-T | G1: S | H1: S Norm | I1: R | J1: Linear | K1: Linear + S
A2: 1 | B2: 1 | C2: 109 | G2: 7.625 | H2: 7.578125 | J2: =9.817*A2+91.027 -> 100.844 | K2: =J2+H2 -> 108.42212
A3: 2 | B3: 2 | C3: 115 | D3: =AVERAGE(C2:C5) -> 115.25 | G3: 5.875 | H3: 5.828125 | J3: =9.817*A3+91.027 -> 110.661 | K3: =J3+H3 -> 116.48913
A4: 3 | B4: 3 | C4: 112 | D4: =AVERAGE(C3:C6) -> 125.25 | E4: =AVERAGE(D3:D4) -> 120.25 | F4: =C4-E4 -> -8.25 | G4: =AVERAGE(F4,F8) -> -9.0625 | H4: -9.109375 | I4: =F4-H4 -> 0.859375 | J4: =9.817*A4+91.027 -> 120.478 | K4: =J4+H4 -> 111.36863
A5: 4 | B5: 4 | C5: 125 | D5: =AVERAGE(C4:C7) -> 135.5 | E5: =AVERAGE(D4:D5) -> 130.375 | F5: =C5-E5 -> -5.375 | G5: =AVERAGE(F5,F9) -> -4.25 | H5: -4.296875 | I5: =F5-H5 -> -1.078125 | J5: =9.817*A5+91.027 -> 130.295 | K5: =J5+H5 -> 125.99813
A6: 5 | B6: 1 | C6: 149 | D6: =AVERAGE(C5:C8) -> 145 | E6: =AVERAGE(D5:D6) -> 140.25 | F6: =C6-E6 -> 8.75 | G6: =AVERAGE(F6,F10) -> 7.625 | H6: =G6-SUM(G7:G10)/4 -> 7.578125 | I6: =F6-H6 -> 1.171875 | J6: =9.817*A6+91.027 -> 140.112 | K6: =J6+H6 -> 147.69012
A7: 6 | B7: 2 | C7: 156 | D7: =AVERAGE(C6:C9) -> 155.25 | E7: =AVERAGE(D6:D7) -> 150.125 | F7: =C7-E7 -> 5.875 | G7: =AVERAGE(F7,F11) -> 5.875 | H7: =G7-SUM(G8:G11)/4 -> 5.828125 | I7: =F7-H7 -> 0.046875 | J7: =9.817*A7+91.027 -> 149.929 | K7: =J7+H7 -> 155.75713
A8: 7 | B8: 3 | C8: 150 | D8: =AVERAGE(C7:C10) -> 164.5 | E8: =AVERAGE(D7:D8) -> 159.875 | F8: =C8-E8 -> -9.875 | G8: -9.0625 | H8: =G8-SUM(G9:G12)/4 -> -9.109375 | I8: =F8-H8 -> -0.765625 | J8: =9.817*A8+91.027 -> 159.746 | K8: =J8+H8 -> 150.63662
A9: 8 | B9: 4 | C9: 166 | D9: =AVERAGE(C8:C11) -> 173.75 | E9: =AVERAGE(D8:D9) -> 169.125 | F9: =C9-E9 -> -3.125 | G9: -4.25 | H9: =G9-SUM(G10:G13)/4 -> -4.296875 | I9: =F9-H9 -> 1.171875 | J9: =9.817*A9+91.027 -> 169.563 | K9: =J9+H9 -> 165.26612
A10: 9 | B10: 1 | C10: 186 | D10: =AVERAGE(C9:C12) -> 185.25 | E10: =AVERAGE(D9:D10) -> 179.5 | F10: =C10-E10 -> 6.5 | G10: 7.625 | H10: 7.578125 | I10: =F10-H10 -> -1.078125 | J10: =9.817*A10+91.027 -> 179.38 | K10: =J10+H10 -> 186.95812
A11: 10 | B11: 2 | C11: 193 | G11: 5.875 | H11: 5.828125 | J11: =9.817*A11+91.027 -> 189.197 | K11: =J11+H11 -> 195.02513
A12: 11 | B12: 3 | C12: 196 | G12: -9.0625 | H12: -9.109375 | J12: =9.817*A12+91.027 -> 199.014 | K12: =J12+H12 -> 189.90463
A13: 12 | B13: 4 | G13: -4.25 | H13: -4.296875 | J13: =9.817*A13+91.027 -> 208.831 | K13: =J13+H13 -> 204.53413
A14: 13 | B14: 1 | G14: 7.625 | H14: 7.578125 | J14: =9.817*A14+91.027 -> 218.648 | K14: =J14+H14 -> 226.22613
A15: 14 | B15: 2 | G15: 5.875 | H15: 5.828125 | J15: =9.817*A15+91.027 -> 228.465 | K15: =J15+H15 -> 234.29312
A16: 15 | B16: 3 | G16: -9.0625 | H16: -9.109375 | J16: =9.817*A16+91.027 -> 238.282 | K16: =J16+H16 -> 229.17262
