Workbook

Sheet Q4 Inputs
A1: Parameter | B1: Value
A2: Weekly bay cost | B2: 18
A3: Overflow cost per car | B3: 30
A4: Weeks | B4: 12
A6: Deliveries | B6: Probability | C6: Cumulative | D6: Lower bound | F6: Demand | G6: Probability | H6: Cumulative | I6: Lower bound
A7: 6 | B7: 0.1 | C7: 0.1 | D7: 0 | F7: 5 | G7: 0.15 | H7: 0.15 | I7: 0
A8: 7 | B8: 0.2 | C8: 0.3 | D8: 0.1 | F8: 6 | G8: 0.25 | H8: 0.4 | I8: 0.15
A9: 8 | B9: 0.35 | C9: 0.65 | D9: 0.3 | F9: 7 | G9: 0.3 | H9: 0.7 | I9: 0.4
A10: 9 | B10: 0.25 | C10: 0.9 | D10: 0.65 | F10: 8 | G10: 0.2 | H10: 0.9 | I10: 0.7
A11: 10 | B11: 0.1 | C11: 1 | D11: 0.9 | F11: 9 | G11: 0.1 | H11: 1 | I11: 0.9
A14: Week | B14: Delivery RN | C14: Demand RN | E14: Capacities
A15: 1 | B15: 0.119 | C15: 0.751 | E15: 6
A16: 2 | B16: 0.503 | C16: 0.587 | E16: 7
A17: 3 | B17: 0.512 | C17: 0.24 | E17: 8
A18: 4 | B18: 0.86 | C18: 0.614 | E18: 9
A19: 5 | B19: 0.103 | C19: 0.111
A20: 6 | B20: 0.223 | C20: 0.817
A21: 7 | B21: 0.601 | C21: 0.45
A22: 8 | B22: 0.557 | C22: 0.815
A23: 9 | B23: 0.783 | C23: 0.685
A24: 10 | B24: 0.548 | C24: 0.679
A25: 11 | B25: 0.731 | C25: 0.21
A26: 12 | B26: 0.768 | C26: 0.252

Sheet Q4 Sim 6 Bays
A1: Capacity | B1: 6
A2: Bay cost | B2: ='Q4 Inputs'!$B$2 -> 18
A3: Overflow cost | B3: ='Q4 Inputs'!$B$3 -> 30
A5: Week | B5: Delivery RN | C5: Delivered | D5: Demand RN | E5: Demand | F5: Opening Stock | G5: After Delivery | H5: Sales | I5: End Stock | J5: Overflow | K5: Weekly Cost | L5: Running Avg
A6: ='Q4 Inputs'!A15 -> 1 | B6: ='Q4 Inputs'!B15 -> 0.119 | C6: =INDEX('Q4 Inputs'!$A$7:$A$11,MATCH(B6,'Q4 Inputs'!$D$7:$D$11,1)) -> 7 | D6: ='Q4 Inputs'!C15 -> 0.751 | E6: =INDEX('Q4 Inputs'!$F$7:$F$11,MATCH(D6,'Q4 Inputs'!$I$7:$I$11,1)) -> 8 | F6: 0 | G6: =F6+C6 -> 7 | H6: =MIN(G6,E6) -> 7 | I6: =G6-H6 -> 0 | J6: =MAX(I6-$B$1,0) -> 0 | K6: =$B$1*$B$2+J6*$B$3 -> 108 | L6: =AVERAGE($K$6:K6) -> 108
A7: ='Q4 Inputs'!A16 -> 2 | B7: ='Q4 Inputs'!B16 -> 0.503 | C7: =INDEX('Q4 Inputs'!$A$7:$A$11,MATCH(B7,'Q4 Inputs'!$D$7:$D$11,1)) -> 8 | D7: ='Q4 Inputs'!C16 -> 0.587 | E7: =INDEX('Q4 Inputs'!$F$7:$F$11,MATCH(D7,'Q4 Inputs'!$I$7:$I$11,1)) -> 7 | F7: =I6 -> 0 | G7: =F7+C7 -> 8 | H7: =MIN(G7,E7) -> 7 | I7: =G7-H7 -> 1 | J7: =MAX(I7-$B$1,0) -> 0 | K7: =$B$1*$B$2+J7*$B$3 -> 108 | L7: =AVERAGE($K$6:K7) -> 108
A8: ='Q4 Inputs'!A17 -> 3 | B8: ='Q4 Inputs'!B17 -> 0.512 | C8: =INDEX('Q4 Inputs'!$A$7:$A$11,MATCH(B8,'Q4 Inputs'!$D$7:$D$11,1)) -> 8 | D8: ='Q4 Inputs'!C17 -> 0.24 | E8: =INDEX('Q4 Inputs'!$F$7:$F$11,MATCH(D8,'Q4 Inputs'!$I$7:$I$11,1)) -> 6 | F8: =I7 -> 1 | G8: =F8+C8 -> 9 | H8: =MIN(G8,E8) -> 6 | I8: =G8-H8 -> 3 | J8: =MAX(I8-$B$1,0) -> 0 | K8: =$B$1*$B$2+J8*$B$3 -> 108 | L8: =AVERAGE($K$6:K8) -> 108
A9: ='Q4 Inputs'!A18 -> 4 | B9: ='Q4 Inputs'!B18 -> 0.86 | C9: =INDEX('Q4 Inputs'!$A$7:$A$11,MATCH(B9,'Q4 Inputs'!$D$7:$D$11,1)) -> 9 | D9: ='Q4 Inputs'!C18 -> 0.614 | E9: =INDEX('Q4 Inputs'!$F$7:$F$11,MATCH(D9,'Q4 Inputs'!$I$7:$I$11,1)) -> 7 | F9: =I8 -> 3 | G9: =F9+C9 -> 12 | H9: =MIN(G9,E9) -> 7 | I9: =G9-H9 -> 5 | J9: =MAX(I9-$B$1,0) -> 0 | K9: =$B$1*$B$2+J9*$B$3 -> 108 | L9: =AVERAGE($K$6:K9) -> 108
A10: ='Q4 Inputs'!A19 -> 5 | B10: ='Q4 Inputs'!B19 -> 0.103 | C10: =INDEX('Q4 Inputs'!$A$7:$A$11,MATCH(B10,'Q4 Inputs'!$D$7:$D$11,1)) -> 7 | D10: ='Q4 Inputs'!C19 -> 0.111 | E10: =INDEX('Q4 Inputs'!$F$7:$F$11,MATCH(D10,'Q4 Inputs'!$I$7:$I$11,1)) -> 5 | F10: =I9 -> 5 | G10: =F10+C10 -> 12 | H10: =MIN(G10,E10) -> 5 | I10: =G10-H10 -> 7 | J10: =MAX(I10-$B$1,0) -> 1 | K10: =$B$1*$B$2+J10*$B$3 -> 138 | L10: =AVERAGE($K$6:K10) -> 114
A11: ='Q4 Inputs'!A20 -> 6 | B11: ='Q4 Inputs'!B20 -> 0.223 | C11: =INDEX('Q4 Inputs'!$A$7:$A$11,MATCH(B11,'Q4 Inputs'!$D$7:$D$11,1)) -> 7 | D11: ='Q4 Inputs'!C20 -> 0.817 | E11: =INDEX('Q4 Inputs'!$F$7:$F$11,MATCH(D11,'Q4 Inputs'!$I$7:$I$11,1)) -> 8 | F11: =I10 -> 7 | G11: =F11+C11 -> 14 | H11: =MIN(G11,E11) -> 8 | I11: =G11-H11 -> 6 | J11: =MAX(I11-$B$1,0) -> 0 | K11: =$B$1*$B$2+J11*$B$3 -> 108 | L11: =AVERAGE($K$6:K11) -> 113
A12: ='Q4 Inputs'!A21 -> 7 | B12: ='Q4 Inputs'!B21 -> 0.601 | C12: =INDEX('Q4 Inputs'!$A$7:$A$11,MATCH(B12,'Q4 Inputs'!$D$7:$D$11,1)) -> 8 | D12: ='Q4 Inputs'!C21 -> 0.45 | E12: =INDEX('Q4 Inputs'!$F$7:$F$11,MATCH(D12,'Q4 Inputs'!$I$7:$I$11,1)) -> 7 | F12: =I11 -> 6 | G12: =F12+C12 -> 14 | H12: =MIN(G12,E12) -> 7 | I12: =G12-H12 -> 7 | J12: =MAX(I12-$B$1,0) -> 1 | K12: =$B$1*$B$2+J12*$B$3 -> 138 | L12: =AVERAGE($K$6:K12) -> 116.57143
A13: ='Q4 Inputs'!A22 -> 8 | B13: ='Q4 Inputs'!B22 -> 0.557 | C13: =INDEX('Q4 Inputs'!$A$7:$A$11,MATCH(B13,'Q4 Inputs'!$D$7:$D$11,1)) -> 8 | D13: ='Q4 Inputs'!C22 -> 0.815 | E13: =INDEX('Q4 Inputs'!$F$7:$F$11,MATCH(D13,'Q4 Inputs'!$I$7:$I$11,1)) -> 8 | F13: =I12 -> 7 | G13: =F13+C13 -> 15 | H13: =MIN(G13,E13) -> 8 | I13: =G13-H13 -> 7 | J13: =MAX(I13-$B$1,0) -> 1 | K13: =$B$1*$B$2+J13*$B$3 -> 138 | L13: =AVERAGE($K$6:K13) -> 119.25
A14: ='Q4 Inputs'!A23 -> 9 | B14: ='Q4 Inputs'!B23 -> 0.783 | C14: =INDEX('Q4 Inputs'!$A$7:$A$11,MATCH(B14,'Q4 Inputs'!$D$7:$D$11,1)) -> 9 | D14: ='Q4 Inputs'!C23 -> 0.685 | E14: =INDEX('Q4 Inputs'!$F$7:$F$11,MATCH(D14,'Q4 Inputs'!$I$7:$I$11,1)) -> 7 | F14: =I13 -> 7 | G14: =F14+C14 -> 16 | H14: =MIN(G14,E14) -> 7 | I14: =G14-H14 -> 9 | J14: =MAX(I14-$B$1,0) -> 3 | K14: =$B$1*$B$2+J14*$B$3 -> 198 | L14: =AVERAGE($K$6:K14) -> 128
A15: ='Q4 Inputs'!A24 -> 10 | B15: ='Q4 Inputs'!B24 -> 0.548 | C15: =INDEX('Q4 Inputs'!$A$7:$A$11,MATCH(B15,'Q4 Inputs'!$D$7:$D$11,1)) -> 8 | D15: ='Q4 Inputs'!C24 -> 0.679 | E15: =INDEX('Q4 Inputs'!$F$7:$F$11,MATCH(D15,'Q4 Inputs'!$I$7:$I$11,1)) -> 7 | F15: =I14 -> 9 | G15: =F15+C15 -> 17 | H15: =MIN(G15,E15) -> 7 | I15: =G15-H15 -> 10 | J15: =MAX(I15-$B$1,0) -> 4 | K15: =$B$1*$B$2+J15*$B$3 -> 228 | L15: =AVERAGE($K$6:K15) -> 138
A16: ='Q4 Inputs'!A25 -> 11 | B16: ='Q4 Inputs'!B25 -> 0.731 | C16: =INDEX('Q4 Inputs'!$A$7:$A$11,MATCH(B16,'Q4 Inputs'!$D$7:$D$11,1)) -> 9 | D16: ='Q4 Inputs'!C25 -> 0.21 | E16: =INDEX('Q4 Inputs'!$F$7:$F$11,MATCH(D16,'Q4 Inputs'!$I$7:$I$11,1)) -> 6 | F16: =I15 -> 10 | G16: =F16+C16 -> 19 | H16: =MIN(G16,E16) -> 6 | I16: =G16-H16 -> 13 | J16: =MAX(I16-$B$1,0) -> 7 | K16: =$B$1*$B$2+J16*$B$3 -> 318 | L16: =AVERAGE($K$6:K16) -> 154.36364
A17: ='Q4 Inputs'!A26 -> 12 | B17: ='Q4 Inputs'!B26 -> 0.768 | C17: =INDEX('Q4 Inputs'!$A$7:$A$11,MATCH(B17,'Q4 Inputs'!$D$7:$D$11,1)) -> 9 | D17: ='Q4 Inputs'!C26 -> 0.252 | E17: =INDEX('Q4 Inputs'!$F$7:$F$11,MATCH(D17,'Q4 Inputs'!$I$7:$I$11,1)) -> 6 | F17: =I16 -> 13 | G17: =F17+C17 -> 22 | H17: =MIN(G17,E17) -> 6 | I17: =G17-H17 -> 16 | J17: =MAX(I17-$B$1,0) -> 10 | K17: =$B$1*$B$2+J17*$B$3 -> 408 | L17: =AVERAGE($K$6:K17) -> 175.5
J19: Total Cost | K19: =SUM(K6:K17) -> 2106
J20: Average Weekly Cost | K20: =AVERAGE(K6:K17) -> 175.5
J21: Overflow Weeks | K21: =COUNTIF(J6:J17,">0") -> 7

Sheet Q4 Sim 7 Bays
A1: Capacity | B1: 7
A2: Bay cost | B2: ='Q4 Inputs'!$B$2 -> 18
A3: Overflow cost | B3: ='Q4 Inputs'!$B$3 -> 30
A5: Week | B5: Delivery RN | C5: Delivered | D5: Demand RN | E5: Demand | F5: Opening Stock | G5: After Delivery | H5: Sales | I5: End Stock | J5: Overflow | K5: Weekly Cost | L5: Running Avg
A6: ='Q4 Inputs'!A15 -> 1 | B6: ='Q4 Inputs'!B15 -> 0.119 | C6: =INDEX('Q4 Inputs'!$A$7:$A$11,MATCH(B6,'Q4 Inputs'!$D$7:$D$11,1)) -> 7 | D6: ='Q4 Inputs'!C15 -> 0.751 | E6: =INDEX('Q4 Inputs'!$F$7:$F$11,MATCH(D6,'Q4 Inputs'!$I$7:$I$11,1)) -> 8 | F6: 0 | G6: =F6+C6 -> 7 | H6: =MIN(G6,E6) -> 7 | I6: =G6-H6 -> 0 | J6: =MAX(I6-$B$1,0) -> 0 | K6: =$B$1*$B$2+J6*$B$3 -> 126 | L6: =AVERAGE($K$6:K6) -> 126
A7: ='Q4 Inputs'!A16 -> 2 | B7: ='Q4 Inputs'!B16 -> 0.503 | C7: =INDEX('Q4 Inputs'!$A$7:$A$11,MATCH(B7,'Q4 Inputs'!$D$7:$D$11,1)) -> 8 | D7: ='Q4 Inputs'!C16 -> 0.587 | E7: =INDEX('Q4 Inputs'!$F$7:$F$11,MATCH(D7,'Q4 Inputs'!$I$7:$I$11,1)) -> 7 | F7: =I6 -> 0 | G7: =F7+C7 -> 8 | H7: =MIN(G7,E7) -> 7 | I7: =G7-H7 -> 1 | J7: =MAX(I7-$B$1,0) -> 0 | K7: =$B$1*$B$2+J7*$B$3 -> 126 | L7: =AVERAGE($K$6:K7) -> 126
A8: ='Q4 Inputs'!A17 -> 3 | B8: ='Q4 Inputs'!B17 -> 0.512 | C8: =INDEX('Q4 Inputs'!$A$7:$A$11,MATCH(B8,'Q4 Inputs'!$D$7:$D$11,1)) -> 8 | D8: ='Q4 Inputs'!C17 -> 0.24 | E8: =INDEX('Q4 Inputs'!$F$7:$F$11,MATCH(D8,'Q4 Inputs'!$I$7:$I$11,1)) -> 6 | F8: =I7 -> 1 | G8: =F8+C8 -> 9 | H8: =MIN(G8,E8) -> 6 | I8: =G8-H8 -> 3 | J8: =MAX(I8-$B$1,0) -> 0 | K8: =$B$1*$B$2+J8*$B$3 -> 126 | L8: =AVERAGE($K$6:K8) -> 126
A9: ='Q4 Inputs'!A18 -> 4 | B9: ='Q4 Inputs'!B18 -> 0.86 | C9: =INDEX('Q4 Inputs'!$A$7:$A$11,MATCH(B9,'Q4 Inputs'!$D$7:$D$11,1)) -> 9 | D9: ='Q4 Inputs'!C18 -> 0.614 | E9: =INDEX('Q4 Inputs'!$F$7:$F$11,MATCH(D9,'Q4 Inputs'!$I$7:$I$11,1)) -> 7 | F9: =I8 -> 3 | G9: =F9+C9 -> 12 | H9: =MIN(G9,E9) -> 7 | I9: =G9-H9 -> 5 | J9: =MAX(I9-$B$1,0) -> 0 | K9: =$B$1*$B$2+J9*$B$3 -> 126 | L9: =AVERAGE($K$6:K9) -> 126
A10: ='Q4 Inputs'!A19 -> 5 | B10: ='Q4 Inputs'!B19 -> 0.103 | C10: =INDEX('Q4 Inputs'!$A$7:$A$11,MATCH(B10,'Q4 Inputs'!$D$7:$D$11,1)) -> 7 | D10: ='Q4 Inputs'!C19 -> 0.111 | E10: =INDEX('Q4 Inputs'!$F$7:$F$11,MATCH(D10,'Q4 Inputs'!$I$7:$I$11,1)) -> 5 | F10: =I9 -> 5 | G10: =F10+C10 -> 12 | H10: =MIN(G10,E10) -> 5 | I10: =G10-H10 -> 7 | J10: =MAX(I10-$B$1,0) -> 0 | K10: =$B$1*$B$2+J10*$B$3 -> 126 | L10: =AVERAGE($K$6:K10) -> 126
A11: ='Q4 Inputs'!A20 -> 6 | B11: ='Q4 Inputs'!B20 -> 0.223 | C11: =INDEX('Q4 Inputs'!$A$7:$A$11,MATCH(B11,'Q4 Inputs'!$D$7:$D$11,1)) -> 7 | D11: ='Q4 Inputs'!C20 -> 0.817 | E11: =INDEX('Q4 Inputs'!$F$7:$F$11,MATCH(D11,'Q4 Inputs'!$I$7:$I$11,1)) -> 8 | F11: =I10 -> 7 | G11: =F11+C11 -> 14 | H11: =MIN(G11,E11) -> 8 | I11: =G11-H11 -> 6 | J11: =MAX(I11-$B$1,0) -> 0 | K11: =$B$1*$B$2+J11*$B$3 -> 126 | L11: =AVERAGE($K$6:K11) -> 126
A12: ='Q4 Inputs'!A21 -> 7 | B12: ='Q4 Inputs'!B21 -> 0.601 | C12: =INDEX('Q4 Inputs'!$A$7:$A$11,MATCH(B12,'Q4 Inputs'!$D$7:$D$11,1)) -> 8 | D12: ='Q4 Inputs'!C21 -> 0.45 | E12: =INDEX('Q4 Inputs'!$F$7:$F$11,MATCH(D12,'Q4 Inputs'!$I$7:$I$11,1)) -> 7 | F12: =I11 -> 6 | G12: =F12+C12 -> 14 | H12: =MIN(G12,E12) -> 7 | I12: =G12-H12 -> 7 | J12: =MAX(I12-$B$1,0) -> 0 | K12: =$B$1*$B$2+J12*$B$3 -> 126 | L12: =AVERAGE($K$6:K12) -> 126
A13: ='Q4 Inputs'!A22 -> 8 | B13: ='Q4 Inputs'!B22 -> 0.557 | C13: =INDEX('Q4 Inputs'!$A$7:$A$11,MATCH(B13,'Q4 Inputs'!$D$7:$D$11,1)) -> 8 | D13: ='Q4 Inputs'!C22 -> 0.815 | E13: =INDEX('Q4 Inputs'!$F$7:$F$11,MATCH(D13,'Q4 Inputs'!$I$7:$I$11,1)) -> 8 | F13: =I12 -> 7 | G13: =F13+C13 -> 15 | H13: =MIN(G13,E13) -> 8 | I13: =G13-H13 -> 7 | J13: =MAX(I13-$B$1,0) -> 0 | K13: =$B$1*$B$2+J13*$B$3 -> 126 | L13: =AVERAGE($K$6:K13) -> 126
A14: ='Q4 Inputs'!A23 -> 9 | B14: ='Q4 Inputs'!B23 -> 0.783 | C14: =INDEX('Q4 Inputs'!$A$7:$A$11,MATCH(B14,'Q4 Inputs'!$D$7:$D$11,1)) -> 9 | D14: ='Q4 Inputs'!C23 -> 0.685 | E14: =INDEX('Q4 Inputs'!$F$7:$F$11,MATCH(D14,'Q4 Inputs'!$I$7:$I$11,1)) -> 7 | F14: =I13 -> 7 | G14: =F14+C14 -> 16 | H14: =MIN(G14,E14) -> 7 | I14: =G14-H14 -> 9 | J14: =MAX(I14-$B$1,0) -> 2 | K14: =$B$1*$B$2+J14*$B$3 -> 186 | L14: =AVERAGE($K$6:K14) -> 132.66667
A15: ='Q4 Inputs'!A24 -> 10 | B15: ='Q4 Inputs'!B24 -> 0.548 | C15: =INDEX('Q4 Inputs'!$A$7:$A$11,MATCH(B15,'Q4 Inputs'!$D$7:$D$11,1)) -> 8 | D15: ='Q4 Inputs'!C24 -> 0.679 | E15: =INDEX('Q4 Inputs'!$F$7:$F$11,MATCH(D15,'Q4 Inputs'!$I$7:$I$11,1)) -> 7 | F15: =I14 -> 9 | G15: =F15+C15 -> 17 | H15: =MIN(G15,E15) -> 7 | I15: =G15-H15 -> 10 | J15: =MAX(I15-$B$1,0) -> 3 | K15: =$B$1*$B$2+J15*$B$3 -> 216 | L15: =AVERAGE($K$6:K15) -> 141
A16: ='Q4 Inputs'!A25 -> 11 | B16: ='Q4 Inputs'!B25 -> 0.731 | C16: =INDEX('Q4 Inputs'!$A$7:$A$11,MATCH(B16,'Q4 Inputs'!$D$7:$D$11,1)) -> 9 | D16: ='Q4 Inputs'!C25 -> 0.21 | E16: =INDEX('Q4 Inputs'!$F$7:$F$11,MATCH(D16,'Q4 Inputs'!$I$7:$I$11,1)) -> 6 | F16: =I15 -> 10 | G16: =F16+C16 -> 19 | H16: =MIN(G16,E16) -> 6 | I16: =G16-H16 -> 13 | J16: =MAX(I16-$B$1,0) -> 6 | K16: =$B$1*$B$2+J16*$B$3 -> 306 | L16: =AVERAGE($K$6:K16) -> 156
A17: ='Q4 Inputs'!A26 -> 12 | B17: ='Q4 Inputs'!B26 -> 0.768 | C17: =INDEX('Q4 Inputs'!$A$7:$A$11,MATCH(B17,'Q4 Inputs'!$D$7:$D$11,1)) -> 9 | D17: ='Q4 Inputs'!C26 -> 0.252 | E17: =INDEX('Q4 Inputs'!$F$7:$F$11,MATCH(D17,'Q4 Inputs'!$I$7:$I$11,1)) -> 6 | F17: =I16 -> 13 | G17: =F17+C17 -> 22 | H17: =MIN(G17,E17) -> 6 | I17: =G17-H17 -> 16 | J17: =MAX(I17-$B$1,0) -> 9 | K17: =$B$1*$B$2+J17*$B$3 -> 396 | L17: =AVERAGE($K$6:K17) -> 176
J19: Total Cost | K19: =SUM(K6:K17) -> 2112
J20: Average Weekly Cost | K20: =AVERAGE(K6:K17) -> 176
J21: Overflow Weeks | K21: =COUNTIF(J6:J17,">0") -> 4

Sheet Q4 Sim 8 Bays
A1: Capacity | B1: 8
A2: Bay cost | B2: ='Q4 Inputs'!$B$2 -> 18
A3: Overflow cost | B3: ='Q4 Inputs'!$B$3 -> 30
A5: Week | B5: Delivery RN | C5: Delivered | D5: Demand RN | E5: Demand | F5: Opening Stock | G5: After Delivery | H5: Sales | I5: End Stock | J5: Overflow | K5: Weekly Cost | L5: Running Avg
A6: ='Q4 Inputs'!A15 -> 1 | B6: ='Q4 Inputs'!B15 -> 0.119 | C6: =INDEX('Q4 Inputs'!$A$7:$A$11,MATCH(B6,'Q4 Inputs'!$D$7:$D$11,1)) -> 7 | D6: ='Q4 Inputs'!C15 -> 0.751 | E6: =INDEX('Q4 Inputs'!$F$7:$F$11,MATCH(D6,'Q4 Inputs'!$I$7:$I$11,1)) -> 8 | F6: 0 | G6: =F6+C6 -> 7 | H6: =MIN(G6,E6) -> 7 | I6: =G6-H6 -> 0 | J6: =MAX(I6-$B$1,0) -> 0 | K6: =$B$1*$B$2+J6*$B$3 -> 144 | L6: =AVERAGE($K$6:K6) -> 144
A7: ='Q4 Inputs'!A16 -> 2 | B7: ='Q4 Inputs'!B16 -> 0.503 | C7: =INDEX('Q4 Inputs'!$A$7:$A$11,MATCH(B7,'Q4 Inputs'!$D$7:$D$11,1)) -> 8 | D7: ='Q4 Inputs'!C16 -> 0.587 | E7: =INDEX('Q4 Inputs'!$F$7:$F$11,MATCH(D7,'Q4 Inputs'!$I$7:$I$11,1)) -> 7 | F7: =I6 -> 0 | G7: =F7+C7 -> 8 | H7: =MIN(G7,E7) -> 7 | I7: =G7-H7 -> 1 | J7: =MAX(I7-$B$1,0) -> 0 | K7: =$B$1*$B$2+J7*$B$3 -> 144 | L7: =AVERAGE($K$6:K7) -> 144
A8: ='Q4 Inputs'!A17 -> 3 | B8: ='Q4 Inputs'!B17 -> 0.512 | C8: =INDEX('Q4 Inputs'!$A$7:$A$11,MATCH(B8,'Q4 Inputs'!$D$7:$D$11,1)) -> 8 | D8: ='Q4 Inputs'!C17 -> 0.24 | E8: =INDEX('Q4 Inputs'!$F$7:$F$11,MATCH(D8,'Q4 Inputs'!$I$7:$I$11,1)) -> 6 | F8: =I7 -> 1 | G8: =F8+C8 -> 9 | H8: =MIN(G8,E8) -> 6 | I8: =G8-H8 -> 3 | J8: =MAX(I8-$B$1,0) -> 0 | K8: =$B$1*$B$2+J8*$B$3 -> 144 | L8: =AVERAGE($K$6:K8) -> 144
A9: ='Q4 Inputs'!A18 -> 4 | B9: ='Q4 Inputs'!B18 -> 0.86 | C9: =INDEX('Q4 Inputs'!$A$7:$A$11,MATCH(B9,'Q4 Inputs'!$D$7:$D$11,1)) -> 9 | D9: ='Q4 Inputs'!C18 -> 0.614 | E9: =INDEX('Q4 Inputs'!$F$7:$F$11,MATCH(D9,'Q4 Inputs'!$I$7:$I$11,1)) -> 7 | F9: =I8 -> 3 | G9: =F9+C9 -> 12 | H9: =MIN(G9,E9) -> 7 | I9: =G9-H9 -> 5 | J9: =MAX(I9-$B$1,0) -> 0 | K9: =$B$1*$B$2+J9*$B$3 -> 144 | L9: =AVERAGE($K$6:K9) -> 144
A10: ='Q4 Inputs'!A19 -> 5 | B10: ='Q4 Inputs'!B19 -> 0.103 | C10: =INDEX('Q4 Inputs'!$A$7:$A$11,MATCH(B10,'Q4 Inputs'!$D$7:$D$11,1)) -> 7 | D10: ='Q4 Inputs'!C19 -> 0.111 | E10: =INDEX('Q4 Inputs'!$F$7:$F$11,MATCH(D10,'Q4 Inputs'!$I$7:$I$11,1)) -> 5 | F10: =I9 -> 5 | G10: =F10+C10 -> 12 | H10: =MIN(G10,E10) -> 5 | I10: =G10-H10 -> 7 | J10: =MAX(I10-$B$1,0) -> 0 | K10: =$B$1*$B$2+J10*$B$3 -> 144 | L10: =AVERAGE($K$6:K10) -> 144
A11: ='Q4 Inputs'!A20 -> 6 | B11: ='Q4 Inputs'!B20 -> 0.223 | C11: =INDEX('Q4 Inputs'!$A$7:$A$11,MATCH(B11,'Q4 Inputs'!$D$7:$D$11,1)) -> 7 | D11: ='Q4 Inputs'!C20 -> 0.817 | E11: =INDEX('Q4 Inputs'!$F$7:$F$11,MATCH(D11,'Q4 Inputs'!$I$7:$I$11,1)) -> 8 | F11: =I10 -> 7 | G11: =F11+C11 -> 14 | H11: =MIN(G11,E11) -> 8 | I11: =G11-H11 -> 6 | J11: =MAX(I11-$B$1,0) -> 0 | K11: =$B$1*$B$2+J11*$B$3 -> 144 | L11: =AVERAGE($K$6:K11) -> 144
A12: ='Q4 Inputs'!A21 -> 7 | B12: ='Q4 Inputs'!B21 -> 0.601 | C12: =INDEX('Q4 Inputs'!$A$7:$A$11,MATCH(B12,'Q4 Inputs'!$D$7:$D$11,1)) -> 8 | D12: ='Q4 Inputs'!C21 -> 0.45 | E12: =INDEX('Q4 Inputs'!$F$7:$F$11,MATCH(D12,'Q4 Inputs'!$I$7:$I$11,1)) -> 7 | F12: =I11 -> 6 | G12: =F12+C12 -> 14 | H12: =MIN(G12,E12) -> 7 | I12: =G12-H12 -> 7 | J12: =MAX(I12-$B$1,0) -> 0 | K12: =$B$1*$B$2+J12*$B$3 -> 144 | L12: =AVERAGE($K$6:K12) -> 144
A13: ='Q4 Inputs'!A22 -> 8 | B13: ='Q4 Inputs'!B22 -> 0.557 | C13: =INDEX('Q4 Inputs'!$A$7:$A$11,MATCH(B13,'Q4 Inputs'!$D$7:$D$11,1)) -> 8 | D13: ='Q4 Inputs'!C22 -> 0.815 | E13: =INDEX('Q4 Inputs'!$F$7:$F$11,MATCH(D13,'Q4 Inputs'!$I$7:$I$11,1)) -> 8 | F13: =I12 -> 7 | G13: =F13+C13 -> 15 | H13: =MIN(G13,E13) -> 8 | I13: =G13-H13 -> 7 | J13: =MAX(I13-$B$1,0) -> 0 | K13: =$B$1*$B$2+J13*$B$3 -> 144 | L13: =AVERAGE($K$6:K13) -> 144
A14: ='Q4 Inputs'!A23 -> 9 | B14: ='Q4 Inputs'!B23 -> 0.783 | C14: =INDEX('Q4 Inputs'!$A$7:$A$11,MATCH(B14,'Q4 Inputs'!$D$7:$D$11,1)) -> 9 | D14: ='Q4 Inputs'!C23 -> 0.685 | E14: =INDEX('Q4 Inputs'!$F$7:$F$11,MATCH(D14,'Q4 Inputs'!$I$7:$I$11,1)) -> 7 | F14: =I13 -> 7 | G14: =F14+C14 -> 16 | H14: =MIN(G14,E14) -> 7 | I14: =G14-H14 -> 9 | J14: =MAX(I14-$B$1,0) -> 1 | K14: =$B$1*$B$2+J14*$B$3 -> 174 | L14: =AVERAGE($K$6:K14) -> 147.33333
A15: ='Q4 Inputs'!A24 -> 10 | B15: ='Q4 Inputs'!B24 -> 0.548 | C15: =INDEX('Q4 Inputs'!$A$7:$A$11,MATCH(B15,'Q4 Inputs'!$D$7:$D$11,1)) -> 8 | D15: ='Q4 Inputs'!C24 -> 0.679 | E15: =INDEX('Q4 Inputs'!$F$7:$F$11,MATCH(D15,'Q4 Inputs'!$I$7:$I$11,1)) -> 7 | F15: =I14 -> 9 | G15: =F15+C15 -> 17 | H15: =MIN(G15,E15) -> 7 | I15: =G15-H15 -> 10 | J15: =MAX(I15-$B$1,0) -> 2 | K15: =$B$1*$B$2+J15*$B$3 -> 204 | L15: =AVERAGE($K$6:K15) -> 153
A16: ='Q4 Inputs'!A25 -> 11 | B16: ='Q4 Inputs'!B25 -> 0.731 | C16: =INDEX('Q4 Inputs'!$A$7:$A$11,MATCH(B16,'Q4 Inputs'!$D$7:$D$11,1)) -> 9 | D16: ='Q4 Inputs'!C25 -> 0.21 | E16: =INDEX('Q4 Inputs'!$F$7:$F$11,MATCH(D16,'Q4 Inputs'!$I$7:$I$11,1)) -> 6 | F16: =I15 -> 10 | G16: =F16+C16 -> 19 | H16: =MIN(G16,E16) -> 6 | I16: =G16-H16 -> 13 | J16: =MAX(I16-$B$1,0) -> 5 | K16: =$B$1*$B$2+J16*$B$3 -> 294 | L16: =AVERAGE($K$6:K16) -> 165.81818
A17: ='Q4 Inputs'!A26 -> 12 | B17: ='Q4 Inputs'!B26 -> 0.768 | C17: =INDEX('Q4 Inputs'!$A$7:$A$11,MATCH(B17,'Q4 Inputs'!$D$7:$D$11,1)) -> 9 | D17: ='Q4 Inputs'!C26 -> 0.252 | E17: =INDEX('Q4 Inputs'!$F$7:$F$11,MATCH(D17,'Q4 Inputs'!$I$7:$I$11,1)) -> 6 | F17: =I16 -> 13 | G17: =F17+C17 -> 22 | H17: =MIN(G17,E17) -> 6 | I17: =G17-H17 -> 16 | J17: =MAX(I17-$B$1,0) -> 8 | K17: =$B$1*$B$2+J17*$B$3 -> 384 | L17: =AVERAGE($K$6:K17) -> 184
J19: Total Cost | K19: =SUM(K6:K17) -> 2208
J20: Average Weekly Cost | K20: =AVERAGE(K6:K17) -> 184
J21: Overflow Weeks | K21: =COUNTIF(J6:J17,">0") -> 4

Sheet Q4 Sim 9 Bays
A1: Capacity | B1: 9
A2: Bay cost | B2: ='Q4 Inputs'!$B$2 -> 18
A3: Overflow cost | B3: ='Q4 Inputs'!$B$3 -> 30
A5: Week | B5: Delivery RN | C5: Delivered | D5: Demand RN | E5: Demand | F5: Opening Stock | G5: After Delivery | H5: Sales | I5: End Stock | J5: Overflow | K5: Weekly Cost | L5: Running Avg
A6: ='Q4 Inputs'!A15 -> 1 | B6: ='Q4 Inputs'!B15 -> 0.119 | C6: =INDEX('Q4 Inputs'!$A$7:$A$11,MATCH(B6,'Q4 Inputs'!$D$7:$D$11,1)) -> 7 | D6: ='Q4 Inputs'!C15 -> 0.751 | E6: =INDEX('Q4 Inputs'!$F$7:$F$11,MATCH(D6,'Q4 Inputs'!$I$7:$I$11,1)) -> 8 | F6: 0 | G6: =F6+C6 -> 7 | H6: =MIN(G6,E6) -> 7 | I6: =G6-H6 -> 0 | J6: =MAX(I6-$B$1,0) -> 0 | K6: =$B$1*$B$2+J6*$B$3 -> 162 | L6: =AVERAGE($K$6:K6) -> 162
A7: ='Q4 Inputs'!A16 -> 2 | B7: ='Q4 Inputs'!B16 -> 0.503 | C7: =INDEX('Q4 Inputs'!$A$7:$A$11,MATCH(B7,'Q4 Inputs'!$D$7:$D$11,1)) -> 8 | D7: ='Q4 Inputs'!C16 -> 0.587 | E7: =INDEX('Q4 Inputs'!$F$7:$F$11,MATCH(D7,'Q4 Inputs'!$I$7:$I$11,1)) -> 7 | F7: =I6 -> 0 | G7: =F7+C7 -> 8 | H7: =MIN(G7,E7) -> 7 | I7: =G7-H7 -> 1 | J7: =MAX(I7-$B$1,0) -> 0 | K7: =$B$1*$B$2+J7*$B$3 -> 162 | L7: =AVERAGE($K$6:K7) -> 162
A8: ='Q4 Inputs'!A17 -> 3 | B8: ='Q4 Inputs'!B17 -> 0.512 | C8: =INDEX('Q4 Inputs'!$A$7:$A$11,MATCH(B8,'Q4 Inputs'!$D$7:$D$11,1)) -> 8 | D8: ='Q4 Inputs'!C17 -> 0.24 | E8: =INDEX('Q4 Inputs'!$F$7:$F$11,MATCH(D8,'Q4 Inputs'!$I$7:$I$11,1)) -> 6 | F8: =I7 -> 1 | G8: =F8+C8 -> 9 | H8: =MIN(G8,E8) -> 6 | I8: =G8-H8 -> 3 | J8: =MAX(I8-$B$1,0) -> 0 | K8: =$B$1*$B$2+J8*$B$3 -> 162 | L8: =AVERAGE($K$6:K8) -> 162
A9: ='Q4 Inputs'!A18 -> 4 | B9: ='Q4 Inputs'!B18 -> 0.86 | C9: =INDEX('Q4 Inputs'!$A$7:$A$11,MATCH(B9,'Q4 Inputs'!$D$7:$D$11,1)) -> 9 | D9: ='Q4 Inputs'!C18 -> 0.614 | E9: =INDEX('Q4 Inputs'!$F$7:$F$11,MATCH(D9,'Q4 Inputs'!$I$7:$I$11,1)) -> 7 | F9: =I8 -> 3 | G9: =F9+C9 -> 12 | H9: =MIN(G9,E9) -> 7 | I9: =G9-H9 -> 5 | J9: =MAX(I9-$B$1,0) -> 0 | K9: =$B$1*$B$2+J9*$B$3 -> 162 | L9: =AVERAGE($K$6:K9) -> 162
A10: ='Q4 Inputs'!A19 -> 5 | B10: ='Q4 Inputs'!B19 -> 0.103 | C10: =INDEX('Q4 Inputs'!$A$7:$A$11,MATCH(B10,'Q4 Inputs'!$D$7:$D$11,1)) -> 7 | D10: ='Q4 Inputs'!C19 -> 0.111 | E10: =INDEX('Q4 Inputs'!$F$7:$F$11,MATCH(D10,'Q4 Inputs'!$I$7:$I$11,1)) -> 5 | F10: =I9 -> 5 | G10: =F10+C10 -> 12 | H10: =MIN(G10,E10) -> 5 | I10: =G10-H10 -> 7 | J10: =MAX(I10-$B$1,0) -> 0 | K10: =$B$1*$B$2+J10*$B$3 -> 162 | L10: =AVERAGE($K$6:K10) -> 162
A11: ='Q4 Inputs'!A20 -> 6 | B11: ='Q4 Inputs'!B20 -> 0.223 | C11: =INDEX('Q4 Inputs'!$A$7:$A$11,MATCH(B11,'Q4 Inputs'!$D$7:$D$11,1)) -> 7 | D11: ='Q4 Inputs'!C20 -> 0.817 | E11: =INDEX('Q4 Inputs'!$F$7:$F$11,MATCH(D11,'Q4 Inputs'!$I$7:$I$11,1)) -> 8 | F11: =I10 -> 7 | G11: =F11+C11 -> 14 | H11: =MIN(G11,E11) -> 8 | I11: =G11-H11 -> 6 | J11: =MAX(I11-$B$1,0) -> 0 | K11: =$B$1*$B$2+J11*$B$3 -> 162 | L11: =AVERAGE($K$6:K11) -> 162
A12: ='Q4 Inputs'!A21 -> 7 | B12: ='Q4 Inputs'!B21 -> 0.601 | C12: =INDEX('Q4 Inputs'!$A$7:$A$11,MATCH(B12,'Q4 Inputs'!$D$7:$D$11,1)) -> 8 | D12: ='Q4 Inputs'!C21 -> 0.45 | E12: =INDEX('Q4 Inputs'!$F$7:$F$11,MATCH(D12,'Q4 Inputs'!$I$7:$I$11,1)) -> 7 | F12: =I11 -> 6 | G12: =F12+C12 -> 14 | H12: =MIN(G12,E12) -> 7 | I12: =G12-H12 -> 7 | J12: =MAX(I12-$B$1,0) -> 0 | K12: =$B$1*$B$2+J12*$B$3 -> 162 | L12: =AVERAGE($K$6:K12) -> 162
A13: ='Q4 Inputs'!A22 -> 8 | B13: ='Q4 Inputs'!B22 -> 0.557 | C13: =INDEX('Q4 Inputs'!$A$7:$A$11,MATCH(B13,'Q4 Inputs'!$D$7:$D$11,1)) -> 8 | D13: ='Q4 Inputs'!C22 -> 0.815 | E13: =INDEX('Q4 Inputs'!$F$7:$F$11,MATCH(D13,'Q4 Inputs'!$I$7:$I$11,1)) -> 8 | F13: =I12 -> 7 | G13: =F13+C13 -> 15 | H13: =MIN(G13,E13) -> 8 | I13: =G13-H13 -> 7 | J13: =MAX(I13-$B$1,0) -> 0 | K13: =$B$1*$B$2+J13*$B$3 -> 162 | L13: =AVERAGE($K$6:K13) -> 162
A14: ='Q4 Inputs'!A23 -> 9 | B14: ='Q4 Inputs'!B23 -> 0.783 | C14: =INDEX('Q4 Inputs'!$A$7:$A$11,MATCH(B14,'Q4 Inputs'!$D$7:$D$11,1)) -> 9 | D14: ='Q4 Inputs'!C23 -> 0.685 | E14: =INDEX('Q4 Inputs'!$F$7:$F$11,MATCH(D14,'Q4 Inputs'!$I$7:$I$11,1)) -> 7 | F14: =I13 -> 7 | G14: =F14+C14 -> 16 | H14: =MIN(G14,E14) -> 7 | I14: =G14-H14 -> 9 | J14: =MAX(I14-$B$1,0) -> 0 | K14: =$B$1*$B$2+J14*$B$3 -> 162 | L14: =AVERAGE($K$6:K14) -> 162
A15: ='Q4 Inputs'!A24 -> 10 | B15: ='Q4 Inputs'!B24 -> 0.548 | C15: =INDEX('Q4 Inputs'!$A$7:$A$11,MATCH(B15,'Q4 Inputs'!$D$7:$D$11,1)) -> 8 | D15: ='Q4 Inputs'!C24 -> 0.679 | E15: =INDEX('Q4 Inputs'!$F$7:$F$11,MATCH(D15,'Q4 Inputs'!$I$7:$I$11,1)) -> 7 | F15: =I14 -> 9 | G15: =F15+C15 -> 17 | H15: =MIN(G15,E15) -> 7 | I15: =G15-H15 -> 10 | J15: =MAX(I15-$B$1,0) -> 1 | K15: =$B$1*$B$2+J15*$B$3 -> 192 | L15: =AVERAGE($K$6:K15) -> 165
A16: ='Q4 Inputs'!A25 -> 11 | B16: ='Q4 Inputs'!B25 -> 0.731 | C16: =INDEX('Q4 Inputs'!$A$7:$A$11,MATCH(B16,'Q4 Inputs'!$D$7:$D$11,1)) -> 9 | D16: ='Q4 Inputs'!C25 -> 0.21 | E16: =INDEX('Q4 Inputs'!$F$7:$F$11,MATCH(D16,'Q4 Inputs'!$I$7:$I$11,1)) -> 6 | F16: =I15 -> 10 | G16: =F16+C16 -> 19 | H16: =MIN(G16,E16) -> 6 | I16: =G16-H16 -> 13 | J16: =MAX(I16-$B$1,0) -> 4 | K16: =$B$1*$B$2+J16*$B$3 -> 282 | L16: =AVERAGE($K$6:K16) -> 175.63636
A17: ='Q4 Inputs'!A26 -> 12 | B17: ='Q4 Inputs'!B26 -> 0.768 | C17: =INDEX('Q4 Inputs'!$A$7:$A$11,MATCH(B17,'Q4 Inputs'!$D$7:$D$11,1)) -> 9 | D17: ='Q4 Inputs'!C26 -> 0.252 | E17: =INDEX('Q4 Inputs'!$F$7:$F$11,MATCH(D17,'Q4 Inputs'!$I$7:$I$11,1)) -> 6 | F17: =I16 -> 13 | G17: =F17+C17 -> 22 | H17: =MIN(G17,E17) -> 6 | I17: =G17-H17 -> 16 | J17: =MAX(I17-$B$1,0) -> 7 | K17: =$B$1*$B$2+J17*$B$3 -> 372 | L17: =AVERAGE($K$6:K17) -> 192
J19: Total Cost | K19: =SUM(K6:K17) -> 2304
J20: Average Weekly Cost | K20: =AVERAGE(K6:K17) -> 192
J21: Overflow Weeks | K21: =COUNTIF(J6:J17,">0") -> 3

Sheet Q4 Capacity Summary
A1: Capacity | B1: Total Cost | C1: Average Weekly Cost | D1: Overflow Weeks
A2: 6 | B2: ='Q4 Sim 6 Bays'!K19 -> 2106 | C2: ='Q4 Sim 6 Bays'!K20 -> 175.5 | D2: ='Q4 Sim 6 Bays'!K21 -> 7
A3: 7 | B3: ='Q4 Sim 7 Bays'!K19 -> 2112 | C3: ='Q4 Sim 7 Bays'!K20 -> 176 | D3: ='Q4 Sim 7 Bays'!K21 -> 4
A4: 8 | B4: ='Q4 Sim 8 Bays'!K19 -> 2208 | C4: ='Q4 Sim 8 Bays'!K20 -> 184 | D4: ='Q4 Sim 8 Bays'!K21 -> 4
A5: 9 | B5: ='Q4 Sim 9 Bays'!K19 -> 2304 | C5: ='Q4 Sim 9 Bays'!K20 -> 192 | D5: ='Q4 Sim 9 Bays'!K21 -> 3
A7: Recommended Capacity | B7: =INDEX(A2:A5,MATCH(MIN(C2:C5),C2:C5,0)) -> 6
A8: Lowest Avg Weekly Cost | B8: =MIN(C2:C5) -> 175.5
